[
  {
    "value": "chicken fried rice",
    "synonyms": [
      "chicken fried rice",
      "fried rice with chicken",
      "non veg fried rice"
    ]
  },
  {
    "value": "chicken lollipop",
    "synonyms": [
      "chicken lollipop",
      "non veg lollipop"
    ]
  },
  {
    "value": "chicken soup",
    "synonyms": [
      "chicken soup",
      "soup with chicken in it",
      "non veg soup"
    ]
  },
  {
    "value": "chicken chilli",
    "synonyms": [
      "chicken chilli",
      "non veg chilli"
    ]
  }
]