[
  {
    "id": "c82c372c-6ded-41de-9a18-118287613d44",
    "data": [
      {
        "text": "2",
        "meta": "@sys.number",
        "alias": "number",
        "userDefined": false
      },
      {
        "text": " of those please",
        "userDefined": false
      }
    ],
    "isTemplate": false,
    "count": 0,
    "lang": "en",
    "updated": 0
  },
  {
    "id": "20c120b5-4dab-432b-92ca-cc520bb63964",
    "data": [
      {
        "text": "i want to order ",
        "userDefined": false
      },
      {
        "text": "2",
        "meta": "@sys.number",
        "alias": "number",
        "userDefined": false
      },
      {
        "text": " biryani",
        "userDefined": false
      }
    ],
    "isTemplate": false,
    "count": 0,
    "lang": "en",
    "updated": 0
  },
  {
    "id": "4efaf856-2c4b-41e3-b7ca-3551016e7398",
    "data": [
      {
        "text": "mutton biryani",
        "meta": "@Biryani",
        "alias": "Biryani",
        "userDefined": true
      },
      {
        "text": " would definately satisfy my craving",
        "userDefined": false
      }
    ],
    "isTemplate": false,
    "count": 0,
    "lang": "en",
    "updated": 0
  },
  {
    "id": "d7a2acdb-6338-4c9c-857e-6c73ba6a7a82",
    "data": [
      {
        "text": "i\u0027d like to order some ",
        "userDefined": false
      },
      {
        "text": "egg biryani",
        "meta": "@Biryani",
        "alias": "Biryani",
        "userDefined": true
      }
    ],
    "isTemplate": false,
    "count": 0,
    "lang": "en",
    "updated": 0
  },
  {
    "id": "aca7f90c-6de0-43b3-9117-6d821a17ab66",
    "data": [
      {
        "text": "mutton biryani",
        "meta": "@Biryani",
        "alias": "Biryani",
        "userDefined": true
      },
      {
        "text": " sounds delicious",
        "userDefined": false
      }
    ],
    "isTemplate": false,
    "count": 0,
    "lang": "en",
    "updated": 0
  },
  {
    "id": "2a9ef418-6dc7-4570-8d47-e05fe05831f1",
    "data": [
      {
        "text": "for sure some delicious ",
        "userDefined": false
      },
      {
        "text": "chicken biryani",
        "meta": "@Biryani",
        "alias": "Biryani",
        "userDefined": true
      }
    ],
    "isTemplate": false,
    "count": 0,
    "lang": "en",
    "updated": 0
  }
]