[
  {
    "id": "c8d252e0-bdb8-45fb-b645-68426ad60125",
    "data": [
      {
        "text": "this is my delivery address ",
        "userDefined": false
      },
      {
        "text": "xyz.street",
        "meta": "@sys.address",
        "alias": "address",
        "userDefined": true
      }
    ],
    "isTemplate": false,
    "count": 0,
    "lang": "en",
    "updated": 0
  },
  {
    "id": "4243c3e9-8b84-49f1-9ca0-1bf38b157839",
    "data": [
      {
        "text": "i want my order to be delivered on this address ",
        "userDefined": false
      },
      {
        "text": "xyz.street",
        "meta": "@sys.address",
        "alias": "address",
        "userDefined": true
      }
    ],
    "isTemplate": false,
    "count": 0,
    "lang": "en",
    "updated": 0
  },
  {
    "id": "66dc34ae-f54f-4801-9f7a-22a234f26efc",
    "data": [
      {
        "text": "my home address is ",
        "userDefined": false
      },
      {
        "text": "xyz.street",
        "meta": "@sys.address",
        "alias": "address",
        "userDefined": true
      }
    ],
    "isTemplate": false,
    "count": 0,
    "lang": "en",
    "updated": 0
  },
  {
    "id": "d6a4d30c-6bda-4d1d-a91d-0bb89acb8cf3",
    "data": [
      {
        "text": "2",
        "meta": "@sys.number",
        "alias": "number",
        "userDefined": false
      },
      {
        "text": " order of this please",
        "userDefined": false
      }
    ],
    "isTemplate": false,
    "count": 0,
    "lang": "en",
    "updated": 0
  },
  {
    "id": "01149eb1-3afc-4062-bdd5-c0c3324abaaa",
    "data": [
      {
        "text": "i want to order ",
        "userDefined": false
      },
      {
        "text": "2",
        "meta": "@sys.number",
        "alias": "number",
        "userDefined": false
      },
      {
        "text": " of those",
        "userDefined": false
      }
    ],
    "isTemplate": false,
    "count": 0,
    "lang": "en",
    "updated": 0
  },
  {
    "id": "bdc3a4d1-debb-488c-b4a3-30e6c41fe834",
    "data": [
      {
        "text": "i am sure ",
        "userDefined": false
      },
      {
        "text": "chicken fried rice",
        "meta": "@non-veg_chinese",
        "alias": "non-veg_chinese",
        "userDefined": true
      },
      {
        "text": " would hit the spot",
        "userDefined": false
      }
    ],
    "isTemplate": false,
    "count": 0,
    "lang": "en",
    "updated": 0
  },
  {
    "id": "b22e2b50-b89e-427c-9066-9569be9b307f",
    "data": [
      {
        "text": "i want to order ",
        "userDefined": false
      },
      {
        "text": "chicken chilli",
        "meta": "@non-veg_chinese",
        "alias": "non-veg_chinese",
        "userDefined": true
      }
    ],
    "isTemplate": false,
    "count": 0,
    "lang": "en",
    "updated": 0
  },
  {
    "id": "7d9dbc43-28d2-4ca5-aea9-db75e942b269",
    "data": [
      {
        "text": "some hot ",
        "userDefined": false
      },
      {
        "text": "chicken soup",
        "meta": "@non-veg_chinese",
        "alias": "non-veg_chinese",
        "userDefined": true
      },
      {
        "text": " sounds great",
        "userDefined": false
      }
    ],
    "isTemplate": false,
    "count": 0,
    "lang": "en",
    "updated": 0
  },
  {
    "id": "ce889035-d01e-47b3-be4a-0a0936d1c4ac",
    "data": [
      {
        "text": "i\u0027d like to order some ",
        "userDefined": false
      },
      {
        "text": "chicken lolllipop",
        "meta": "@non-veg_chinese",
        "alias": "non-veg_chinese",
        "userDefined": true
      }
    ],
    "isTemplate": false,
    "count": 0,
    "lang": "en",
    "updated": 0
  },
  {
    "id": "56ee37fd-4491-4c8b-a265-246cb89bd959",
    "data": [
      {
        "text": "i want to order ",
        "userDefined": false
      },
      {
        "text": "chicken fried rice",
        "meta": "@non-veg_chinese",
        "alias": "non-veg_chinese",
        "userDefined": true
      },
      {
        "text": " please!",
        "userDefined": false
      }
    ],
    "isTemplate": false,
    "count": 0,
    "lang": "en",
    "updated": 0
  }
]