[
  {
    "id": "6b003409-8ff3-4e51-9d20-68e415a15083",
    "data": [
      {
        "text": "no way",
        "userDefined": false
      }
    ],
    "isTemplate": false,
    "count": 0,
    "lang": "en",
    "updated": 0
  },
  {
    "id": "12b55142-0b3c-41d8-a43f-b09aeee8131b",
    "data": [
      {
        "text": "no",
        "userDefined": false
      }
    ],
    "isTemplate": false,
    "count": 0,
    "lang": "en",
    "updated": 0
  },
  {
    "id": "1c52f127-dbfa-4d76-a9ce-363e39371de9",
    "data": [
      {
        "text": "no no don\u0027t",
        "userDefined": false
      }
    ],
    "isTemplate": false,
    "count": 0,
    "lang": "en",
    "updated": 0
  },
  {
    "id": "d30ed449-ae1e-4164-b733-7f0cffce86e7",
    "data": [
      {
        "text": "na",
        "userDefined": false
      }
    ],
    "isTemplate": false,
    "count": 1,
    "lang": "en",
    "updated": 0
  },
  {
    "id": "d0976602-5861-42a8-8f39-319363ad25dc",
    "data": [
      {
        "text": "no it isn\u0027t",
        "userDefined": false
      }
    ],
    "isTemplate": false,
    "count": 0,
    "lang": "en",
    "updated": 0
  },
  {
    "id": "2f1d453c-d14e-4dd2-a462-4a5db44f343e",
    "data": [
      {
        "text": "don\u0027t",
        "userDefined": false
      }
    ],
    "isTemplate": false,
    "count": 0,
    "lang": "en",
    "updated": 0
  },
  {
    "id": "45a27e6d-8973-4f3e-834e-070b89f3a78c",
    "data": [
      {
        "text": "nah I\u0027m good",
        "userDefined": false
      }
    ],
    "isTemplate": false,
    "count": 0,
    "lang": "en",
    "updated": 0
  },
  {
    "id": "9fa8bfc4-138b-46c2-996b-5f6f3d2bf217",
    "data": [
      {
        "text": "no I cannot",
        "userDefined": false
      }
    ],
    "isTemplate": false,
    "count": 0,
    "lang": "en",
    "updated": 0
  },
  {
    "id": "73549889-1038-4dea-a474-e1bbb2fd6620",
    "data": [
      {
        "text": "I can\u0027t",
        "userDefined": false
      }
    ],
    "isTemplate": false,
    "count": 0,
    "lang": "en",
    "updated": 0
  },
  {
    "id": "06fde875-7a80-4ad0-8340-306140a8c63e",
    "data": [
      {
        "text": "thanks but no",
        "userDefined": false
      }
    ],
    "isTemplate": false,
    "count": 0,
    "lang": "en",
    "updated": 0
  },
  {
    "id": "8b11d294-c647-447f-afd4-b89b8c7ef319",
    "data": [
      {
        "text": "i\u0027d like ",
        "userDefined": false
      },
      {
        "text": "2",
        "meta": "@sys.number",
        "alias": "number",
        "userDefined": false
      },
      {
        "text": " of those",
        "userDefined": false
      }
    ],
    "isTemplate": false,
    "count": 0,
    "lang": "en",
    "updated": 0
  },
  {
    "id": "dc9c7a99-5201-4a23-8633-009eaac9e6d3",
    "data": [
      {
        "text": "i want to order ",
        "userDefined": false
      },
      {
        "text": "2",
        "meta": "@sys.number",
        "alias": "number",
        "userDefined": false
      }
    ],
    "isTemplate": false,
    "count": 0,
    "lang": "en",
    "updated": 0
  },
  {
    "id": "d8fa4e82-922f-4b35-b6ce-3a272ca2f3ba",
    "data": [
      {
        "text": "i would like to order ",
        "userDefined": false
      },
      {
        "text": "2",
        "meta": "@sys.number",
        "alias": "number",
        "userDefined": false
      },
      {
        "text": " of those",
        "userDefined": false
      }
    ],
    "isTemplate": false,
    "count": 0,
    "lang": "en",
    "updated": 0
  },
  {
    "id": "96ff0bf6-3016-4f7e-b4bd-403d4baeac8b",
    "data": [
      {
        "text": "chicken chilli pizza",
        "meta": "@Non-veg_pizza",
        "alias": "Non-veg_pizza",
        "userDefined": true
      },
      {
        "text": " sounds great",
        "userDefined": false
      }
    ],
    "isTemplate": false,
    "count": 0,
    "lang": "en",
    "updated": 0
  },
  {
    "id": "1a96531b-d7f2-4e87-8216-b48cb7a4e5b9",
    "data": [
      {
        "text": "i want to order ",
        "userDefined": false
      },
      {
        "text": "chicken chilli pizza",
        "meta": "@Non-veg_pizza",
        "alias": "Non-veg_pizza",
        "userDefined": true
      }
    ],
    "isTemplate": false,
    "count": 0,
    "lang": "en",
    "updated": 0
  },
  {
    "id": "ec603bba-eda0-4444-bd42-92f0a419d2dd",
    "data": [
      {
        "text": "i want to order a delicious ",
        "userDefined": false
      },
      {
        "text": "barbeque chicken pizza",
        "meta": "@Non-veg_pizza",
        "alias": "Non-veg_pizza",
        "userDefined": true
      }
    ],
    "isTemplate": false,
    "count": 0,
    "lang": "en",
    "updated": 0
  },
  {
    "id": "92acaf4d-1e9b-42f2-b69f-23ddc2478a31",
    "data": [
      {
        "text": "i would like to order a ",
        "userDefined": false
      },
      {
        "text": "chicken pizza",
        "meta": "@Non-veg_pizza",
        "alias": "Non-veg_pizza",
        "userDefined": true
      }
    ],
    "isTemplate": false,
    "count": 0,
    "lang": "en",
    "updated": 0
  },
  {
    "id": "d762d65b-6b4d-4b61-b01c-1f670ed48564",
    "data": [
      {
        "text": "chicken pizza",
        "meta": "@Non-veg_pizza",
        "alias": "Non-veg_pizza",
        "userDefined": true
      },
      {
        "text": " sounds delicious",
        "userDefined": false
      }
    ],
    "isTemplate": false,
    "count": 0,
    "lang": "en",
    "updated": 0
  },
  {
    "id": "ad486bdc-c276-41c1-b2bd-5680964adc79",
    "data": [
      {
        "text": "i want to order a ",
        "userDefined": false
      },
      {
        "text": "chicken pizza",
        "meta": "@Non-veg_pizza",
        "alias": "Non-veg_pizza",
        "userDefined": true
      }
    ],
    "isTemplate": false,
    "count": 0,
    "lang": "en",
    "updated": 0
  }
]