[
  {
    "id": "006f5d52-eb40-4eb2-b0ef-97a6f19ad939",
    "data": [
      {
        "text": "sakshi",
        "meta": "@sys.person",
        "alias": "person",
        "userDefined": false
      }
    ],
    "isTemplate": false,
    "count": 0,
    "lang": "en",
    "updated": 0
  },
  {
    "id": "32e8f600-4c89-48e1-9958-52b61b51da9f",
    "data": [
      {
        "text": "hey my name is ",
        "userDefined": false
      },
      {
        "text": "diya",
        "meta": "@sys.person",
        "alias": "person",
        "userDefined": true
      }
    ],
    "isTemplate": false,
    "count": 0,
    "lang": "en",
    "updated": 0
  },
  {
    "id": "c32ad697-eacf-4822-8a0d-e1b308198225",
    "data": [
      {
        "text": "sure my name is ",
        "userDefined": false
      },
      {
        "text": "pranjal",
        "meta": "@sys.person",
        "alias": "person",
        "userDefined": false
      }
    ],
    "isTemplate": false,
    "count": 0,
    "lang": "en",
    "updated": 0
  },
  {
    "id": "42d18be5-7ca5-4bbf-8bbb-9dd7d177533b",
    "data": [
      {
        "text": "sure my email address is ",
        "userDefined": false
      },
      {
        "text": "abc@gmail.com",
        "meta": "@sys.email",
        "alias": "email",
        "userDefined": true
      }
    ],
    "isTemplate": false,
    "count": 0,
    "lang": "en",
    "updated": 0
  },
  {
    "id": "2cde6c13-6bb6-44c9-9568-b41614b3a424",
    "data": [
      {
        "text": "abc@gmail.com",
        "meta": "@sys.email",
        "alias": "email",
        "userDefined": true
      }
    ],
    "isTemplate": false,
    "count": 0,
    "lang": "en",
    "updated": 0
  },
  {
    "id": "19a8b3cb-8304-4948-a589-8e57aa0abf43",
    "data": [
      {
        "text": "heres my email ",
        "userDefined": false
      },
      {
        "text": "abc@@gmail.com",
        "meta": "@sys.email",
        "alias": "email",
        "userDefined": true
      }
    ],
    "isTemplate": false,
    "count": 0,
    "lang": "en",
    "updated": 0
  },
  {
    "id": "5c46f008-d119-462a-953a-ba88f67f92d7",
    "data": [
      {
        "text": "this is my email ",
        "userDefined": false
      },
      {
        "text": "abc@gmail.com",
        "meta": "@sys.email",
        "alias": "email",
        "userDefined": true
      }
    ],
    "isTemplate": false,
    "count": 0,
    "lang": "en",
    "updated": 0
  },
  {
    "id": "19ea7b17-7081-4ae7-8493-abeb7b52719c",
    "data": [
      {
        "text": "my email address is ",
        "userDefined": false
      },
      {
        "text": "xyz@gmail.com",
        "meta": "@sys.email",
        "alias": "email",
        "userDefined": true
      }
    ],
    "isTemplate": false,
    "count": 0,
    "lang": "en",
    "updated": 0
  },
  {
    "id": "beaf7051-e127-42de-8521-8e12987f9655",
    "data": [
      {
        "text": "my email address is ",
        "userDefined": false
      },
      {
        "text": "abc@gmail.com",
        "meta": "@sys.email",
        "alias": "email",
        "userDefined": true
      }
    ],
    "isTemplate": false,
    "count": 0,
    "lang": "en",
    "updated": 0
  },
  {
    "id": "ba347a5a-47b7-420c-a1bc-d821be3619c6",
    "data": [
      {
        "text": "My name is ",
        "userDefined": false
      },
      {
        "text": "pranjal",
        "meta": "@sys.person",
        "alias": "person",
        "userDefined": false
      }
    ],
    "isTemplate": false,
    "count": 0,
    "lang": "en",
    "updated": 0
  },
  {
    "id": "3fbc984f-e026-45ed-8187-aeba2e6d5a0c",
    "data": [
      {
        "text": "i\u0027d like to order some food",
        "userDefined": false
      }
    ],
    "isTemplate": false,
    "count": 0,
    "lang": "en",
    "updated": 0
  },
  {
    "id": "e1b30d88-8b0f-4c68-bcca-8ab15f39d138",
    "data": [
      {
        "text": "i want to order food",
        "userDefined": false
      }
    ],
    "isTemplate": false,
    "count": 0,
    "lang": "en",
    "updated": 0
  },
  {
    "id": "a42009a2-2c84-40b6-ac46-ae0676bec0a4",
    "data": [
      {
        "text": "order food",
        "userDefined": false
      }
    ],
    "isTemplate": false,
    "count": 0,
    "lang": "en",
    "updated": 0
  }
]